[
  { "_id": "10", "city": "Bangalore", "pincode": 560001 },
  { "_id": "11", "city": "Bangalore", "pincode": 560002 },
  { "_id": "12", "city": "Bangalore", "pincode": 560003 },
  { "_id": "13", "city": "Bangalore", "pincode": 560004 },
  { "_id": "14", "city": "Bangalore", "pincode": 560005 },
  { "_id": "15", "city": "Bangalore", "pincode": 560006 },
  { "_id": "16", "city": "Bangalore", "pincode": 560007 },
  { "_id": "17", "city": "Bangalore", "pincode": 560008 },
  { "_id": "18", "city": "Bangalore", "pincode": 560009 },
  { "_id": "19", "city": "Bangalore", "pincode": 560010 },
  { "_id": "210", "city": "Noida", "pincode": 201301 },
  { "_id": "211", "city": "Noida", "pincode": 201302 },
  { "_id": "212", "city": "Noida", "pincode": 201303 },
  { "_id": "213", "city": "Noida", "pincode": 201304 },
  { "_id": "214", "city": "Noida", "pincode": 201305 },
  { "_id": "215", "city": "Noida", "pincode": 201306 },
  { "_id": "216", "city": "Noida", "pincode": 201307 },
  { "_id": "217", "city": "Noida", "pincode": 201308 },
  { "_id": "218", "city": "Noida", "pincode": 201309 },
  { "_id": "219", "city": "Noida", "pincode": 201310 },
  { "_id": "320", "city": "Pune", "pincode": 411001 },
  { "_id": "321", "city": "Pune", "pincode": 411002 },
  { "_id": "322", "city": "Pune", "pincode": 411003 },
  { "_id": "323", "city": "Pune", "pincode": 411004 },
  { "_id": "324", "city": "Pune", "pincode": 411005 },
  { "_id": "325", "city": "Pune", "pincode": 411006 },
  { "_id": "326", "city": "Pune", "pincode": 411007 },
  { "_id": "327", "city": "Pune", "pincode": 411008 },
  { "_id": "328", "city": "Pune", "pincode": 411009 },
  { "_id": "329", "city": "Pune", "pincode": 411010 },
  { "_id": "430", "city": "Chennai", "pincode": 600001 },
  { "_id": "431", "city": "Chennai", "pincode": 600002 },
  { "_id": "432", "city": "Chennai", "pincode": 600003 },
  { "_id": "433", "city": "Chennai", "pincode": 600004 },
  { "_id": "434", "city": "Chennai", "pincode": 600005 },
  { "_id": "435", "city": "Chennai", "pincode": 600006 },
  { "_id": "436", "city": "Chennai", "pincode": 600007 },
  { "_id": "437", "city": "Chennai", "pincode": 600008 },
  { "_id": "438", "city": "Chennai", "pincode": 600009 },
  { "_id": "439", "city": "Chennai", "pincode": 600010 },
  { "_id": "540", "city": "Kolkata", "pincode": 700001 },
  { "_id": "541", "city": "Kolkata", "pincode": 700002 },
  { "_id": "542", "city": "Kolkata", "pincode": 700003 },
  { "_id": "543", "city": "Kolkata", "pincode": 700004 },
  { "_id": "544", "city": "Kolkata", "pincode": 700005 },
  { "_id": "545", "city": "Kolkata", "pincode": 700006 },
  { "_id": "546", "city": "Kolkata", "pincode": 700007 },
  { "_id": "547", "city": "Kolkata", "pincode": 700008 },
  { "_id": "548", "city": "Kolkata", "pincode": 700009 },
  { "_id": "549", "city": "Kolkata", "pincode": 700010 },
  { "_id": "650", "city": "Mumbai", "pincode": 400001 },
  { "_id": "651", "city": "Mumbai", "pincode": 400002 },
  { "_id": "652", "city": "Mumbai", "pincode": 400003 },
  { "_id": "653", "city": "Mumbai", "pincode": 400004 },
  { "_id": "654", "city": "Mumbai", "pincode": 400005 },
  { "_id": "655", "city": "Mumbai", "pincode": 400006 },
  { "_id": "656", "city": "Mumbai", "pincode": 400007 },
  { "_id": "657", "city": "Mumbai", "pincode": 400008 },
  { "_id": "658", "city": "Mumbai", "pincode": 400009 },
  { "_id": "659", "city": "Mumbai", "pincode": 400010 },
  { "_id": "760", "city": "Ahmedabad", "pincode": 380001 },
  { "_id": "761", "city": "Ahmedabad", "pincode": 380002 },
  { "_id": "762", "city": "Ahmedabad", "pincode": 380003 },
  { "_id": "763", "city": "Ahmedabad", "pincode": 380004 },
  { "_id": "764", "city": "Ahmedabad", "pincode": 380005 },
  { "_id": "765", "city": "Ahmedabad", "pincode": 380006 },
  { "_id": "766", "city": "Ahmedabad", "pincode": 380007 },
  { "_id": "767", "city": "Ahmedabad", "pincode": 380008 },
  { "_id": "768", "city": "Ahmedabad", "pincode": 380009 },
  { "_id": "769", "city": "Ahmedabad", "pincode": 380010 },
  { "_id": "870", "city": "Gurgaon", "pincode": 122001 },
  { "_id": "871", "city": "Gurgaon", "pincode": 122002 },
  { "_id": "872", "city": "Gurgaon", "pincode": 122003 },
  { "_id": "873", "city": "Gurgaon", "pincode": 122004 },
  { "_id": "874", "city": "Gurgaon", "pincode": 122005 },
  { "_id": "875", "city": "Gurgaon", "pincode": 122006 },
  { "_id": "876", "city": "Gurgaon", "pincode": 122007 },
  { "_id": "877", "city": "Gurgaon", "pincode": 122008 },
  { "_id": "878", "city": "Gurgaon", "pincode": 122009 },
  { "_id": "879", "city": "Gurgaon", "pincode": 122010 },
  { "_id": "980", "city": "Hyderabad", "pincode": 500001 },
  { "_id": "981", "city": "Hyderabad", "pincode": 500002 },
  { "_id": "982", "city": "Hyderabad", "pincode": 500003 },
  { "_id": "983", "city": "Hyderabad", "pincode": 500004 },
  { "_id": "984", "city": "Hyderabad", "pincode": 500005 },
  { "_id": "985", "city": "Hyderabad", "pincode": 500006 },
  { "_id": "986", "city": "Hyderabad", "pincode": 500007 },
  { "_id": "987", "city": "Hyderabad", "pincode": 500008 },
  { "_id": "988", "city": "Hyderabad", "pincode": 500009 },
  { "_id": "989", "city": "Hyderabad", "pincode": 500010 },
  { "_id": "1090", "city": "Delhi", "pincode": 110001 },
  { "_id": "1091", "city": "Delhi", "pincode": 110002 },
  { "_id": "1092", "city": "Delhi", "pincode": 110003 },
  { "_id": "1093", "city": "Delhi", "pincode": 110004 },
  { "_id": "1094", "city": "Delhi", "pincode": 110005 },
  { "_id": "1095", "city": "Delhi", "pincode": 110006 },
  { "_id": "1096", "city": "Delhi", "pincode": 110007 },
  { "_id": "1097", "city": "Delhi", "pincode": 110008 },
  { "_id": "1098", "city": "Delhi", "pincode": 110009 },
  { "_id": "1099", "city": "Delhi", "pincode": 110010 },
  { "_id": "11100", "city": "Jaipur", "pincode": 302001 },
  { "_id": "11101", "city": "Jaipur", "pincode": 302002 },
  { "_id": "11102", "city": "Jaipur", "pincode": 302003 },
  { "_id": "11103", "city": "Jaipur", "pincode": 302004 },
  { "_id": "11104", "city": "Jaipur", "pincode": 302005 },
  { "_id": "11105", "city": "Jaipur", "pincode": 302006 },
  { "_id": "11106", "city": "Jaipur", "pincode": 302007 },
  { "_id": "11107", "city": "Jaipur", "pincode": 302008 },
  { "_id": "11108", "city": "Jaipur", "pincode": 302009 },
  { "_id": "11109", "city": "Jaipur", "pincode": 302010 },
  { "_id": "12110", "city": "Chandigarh", "pincode": 160001 },
  { "_id": "12111", "city": "Chandigarh", "pincode": 160002 },
  { "_id": "12112", "city": "Chandigarh", "pincode": 160003 },
  { "_id": "12113", "city": "Chandigarh", "pincode": 160004 },
  { "_id": "12114", "city": "Chandigarh", "pincode": 160005 },
  { "_id": "12115", "city": "Chandigarh", "pincode": 160006 },
  { "_id": "12116", "city": "Chandigarh", "pincode": 160007 },
  { "_id": "12117", "city": "Chandigarh", "pincode": 160008 },
  { "_id": "12118", "city": "Chandigarh", "pincode": 160009 },
  { "_id": "12119", "city": "Chandigarh", "pincode": 160010 },
  { "_id": "13120", "city": "Bhopal", "pincode": 462001 },
  { "_id": "13121", "city": "Bhopal", "pincode": 462002 },
  { "_id": "13122", "city": "Bhopal", "pincode": 462003 },
  { "_id": "13123", "city": "Bhopal", "pincode": 462004 },
  { "_id": "13124", "city": "Bhopal", "pincode": 462005 },
  { "_id": "13125", "city": "Bhopal", "pincode": 462006 },
  { "_id": "13126", "city": "Bhopal", "pincode": 462007 },
  { "_id": "13127", "city": "Bhopal", "pincode": 462008 },
  { "_id": "13128", "city": "Bhopal", "pincode": 462009 },
  { "_id": "13129", "city": "Bhopal", "pincode": 462010 },
  { "_id": "14130", "city": "Indore", "pincode": 452001 },
  { "_id": "14131", "city": "Indore", "pincode": 452002 },
  { "_id": "14132", "city": "Indore", "pincode": 452003 },
  { "_id": "14133", "city": "Indore", "pincode": 452004 },
  { "_id": "14134", "city": "Indore", "pincode": 452005 },
  { "_id": "14135", "city": "Indore", "pincode": 452006 },
  { "_id": "14136", "city": "Indore", "pincode": 452007 },
  { "_id": "14137", "city": "Indore", "pincode": 452008 },
  { "_id": "14138", "city": "Indore", "pincode": 452009 },
  { "_id": "14139", "city": "Indore", "pincode": 452010 },
  { "_id": "15140", "city": "Lucknow", "pincode": 226001 },
  { "_id": "15141", "city": "Lucknow", "pincode": 226002 },
  { "_id": "15142", "city": "Lucknow", "pincode": 226003 },
  { "_id": "15143", "city": "Lucknow", "pincode": 226004 },
  { "_id": "15144", "city": "Lucknow", "pincode": 226005 },
  { "_id": "15145", "city": "Lucknow", "pincode": 226006 },
  { "_id": "15146", "city": "Lucknow", "pincode": 226007 },
  { "_id": "15147", "city": "Lucknow", "pincode": 226008 },
  { "_id": "15148", "city": "Lucknow", "pincode": 226009 },
  { "_id": "15149", "city": "Lucknow", "pincode": 226010 },
  { "_id": "16150", "city": "Kanpur", "pincode": 208001 },
  { "_id": "16151", "city": "Kanpur", "pincode": 208002 },
  { "_id": "16152", "city": "Kanpur", "pincode": 208003 },
  { "_id": "16153", "city": "Kanpur", "pincode": 208004 },
  { "_id": "16154", "city": "Kanpur", "pincode": 208005 },
  { "_id": "16155", "city": "Kanpur", "pincode": 208006 },
  { "_id": "16156", "city": "Kanpur", "pincode": 208007 },
  { "_id": "16157", "city": "Kanpur", "pincode": 208008 },
  { "_id": "16158", "city": "Kanpur", "pincode": 208009 },
  { "_id": "16159", "city": "Kanpur", "pincode": 208010 },
  { "_id": "17160", "city": "Nagpur", "pincode": 440001 },
  { "_id": "17161", "city": "Nagpur", "pincode": 440002 },
  { "_id": "17162", "city": "Nagpur", "pincode": 440003 },
  { "_id": "17163", "city": "Nagpur", "pincode": 440004 },
  { "_id": "17164", "city": "Nagpur", "pincode": 440005 },
  { "_id": "17165", "city": "Nagpur", "pincode": 440006 },
  { "_id": "17166", "city": "Nagpur", "pincode": 440007 },
  { "_id": "17167", "city": "Nagpur", "pincode": 440008 },
  { "_id": "17168", "city": "Nagpur", "pincode": 440009 },
  { "_id": "17169", "city": "Nagpur", "pincode": 440010 },
  { "_id": "18170", "city": "Surat", "pincode": 395001 },
  { "_id": "18171", "city": "Surat", "pincode": 395002 },
  { "_id": "18172", "city": "Surat", "pincode": 395003 },
  { "_id": "18173", "city": "Surat", "pincode": 395004 },
  { "_id": "18174", "city": "Surat", "pincode": 395005 },
  { "_id": "18175", "city": "Surat", "pincode": 395006 },
  { "_id": "18176", "city": "Surat", "pincode": 395007 },
  { "_id": "18177", "city": "Surat", "pincode": 395008 },
  { "_id": "18178", "city": "Surat", "pincode": 395009 },
  { "_id": "18179", "city": "Surat", "pincode": 395010 },
  { "_id": "19180", "city": "Vadodara", "pincode": 390001 },
  { "_id": "19181", "city": "Vadodara", "pincode": 390002 },
  { "_id": "19182", "city": "Vadodara", "pincode": 390003 },
  { "_id": "19183", "city": "Vadodara", "pincode": 390004 },
  { "_id": "19184", "city": "Vadodara", "pincode": 390005 },
  { "_id": "19185", "city": "Vadodara", "pincode": 390006 },
  { "_id": "19186", "city": "Vadodara", "pincode": 390007 },
  { "_id": "19187", "city": "Vadodara", "pincode": 390008 },
  { "_id": "19188", "city": "Vadodara", "pincode": 390009 },
  { "_id": "19189", "city": "Vadodara", "pincode": 390010 },
  { "_id": "20190", "city": "Coimbatore", "pincode": 641001 },
  { "_id": "20191", "city": "Coimbatore", "pincode": 641002 },
  { "_id": "20192", "city": "Coimbatore", "pincode": 641003 },
  { "_id": "20193", "city": "Coimbatore", "pincode": 641004 },
  { "_id": "20194", "city": "Coimbatore", "pincode": 641005 },
  { "_id": "20195", "city": "Coimbatore", "pincode": 641006 },
  { "_id": "20196", "city": "Coimbatore", "pincode": 641007 },
  { "_id": "20197", "city": "Coimbatore", "pincode": 641008 },
  { "_id": "20198", "city": "Coimbatore", "pincode": 641009 },
  { "_id": "20199", "city": "Coimbatore", "pincode": 641010 },
  { "_id": "21200", "city": "Madurai", "pincode": 625001 },
  { "_id": "21201", "city": "Madurai", "pincode": 625002 },
  { "_id": "21202", "city": "Madurai", "pincode": 625003 },
  { "_id": "21203", "city": "Madurai", "pincode": 625004 },
  { "_id": "21204", "city": "Madurai", "pincode": 625005 },
  { "_id": "21205", "city": "Madurai", "pincode": 625006 },
  { "_id": "21206", "city": "Madurai", "pincode": 625007 },
  { "_id": "21207", "city": "Madurai", "pincode": 625008 },
  { "_id": "21208", "city": "Madurai", "pincode": 625009 },
  { "_id": "21209", "city": "Madurai", "pincode": 625010 },
  { "_id": "22210", "city": "Visakhapatnam", "pincode": 530001 },
  { "_id": "22211", "city": "Visakhapatnam", "pincode": 530002 },
  { "_id": "22212", "city": "Visakhapatnam", "pincode": 530003 },
  { "_id": "22213", "city": "Visakhapatnam", "pincode": 530004 },
  { "_id": "22214", "city": "Visakhapatnam", "pincode": 530005 },
  { "_id": "22215", "city": "Visakhapatnam", "pincode": 530006 },
  { "_id": "22216", "city": "Visakhapatnam", "pincode": 530007 },
  { "_id": "22217", "city": "Visakhapatnam", "pincode": 530008 },
  { "_id": "22218", "city": "Visakhapatnam", "pincode": 530009 },
  { "_id": "22219", "city": "Visakhapatnam", "pincode": 530010 },
  { "_id": "23220", "city": "Mangalore", "pincode": 575001 },
  { "_id": "23221", "city": "Mangalore", "pincode": 575002 },
  { "_id": "23222", "city": "Mangalore", "pincode": 575003 },
  { "_id": "23223", "city": "Mangalore", "pincode": 575004 },
  { "_id": "23224", "city": "Mangalore", "pincode": 575005 },
  { "_id": "23225", "city": "Mangalore", "pincode": 575006 },
  { "_id": "23226", "city": "Mangalore", "pincode": 575007 },
  { "_id": "23227", "city": "Mangalore", "pincode": 575008 },
  { "_id": "23228", "city": "Mangalore", "pincode": 575009 },
  { "_id": "23229", "city": "Mangalore", "pincode": 575010 },
  { "_id": "24230", "city": "Thane", "pincode": 400601 },
  { "_id": "24231", "city": "Thane", "pincode": 400602 },
  { "_id": "24232", "city": "Thane", "pincode": 400603 },
  { "_id": "24233", "city": "Thane", "pincode": 400604 },
  { "_id": "24234", "city": "Thane", "pincode": 400605 },
  { "_id": "24235", "city": "Thane", "pincode": 400606 },
  { "_id": "24236", "city": "Thane", "pincode": 400607 },
  { "_id": "24237", "city": "Thane", "pincode": 400608 },
  { "_id": "24238", "city": "Thane", "pincode": 400609 },
  { "_id": "24239", "city": "Thane", "pincode": 400610 },
  { "_id": "25240", "city": "Navi Mumbai", "pincode": 400701 },
  { "_id": "25241", "city": "Navi Mumbai", "pincode": 400702 },
  { "_id": "25242", "city": "Navi Mumbai", "pincode": 400703 },
  { "_id": "25243", "city": "Navi Mumbai", "pincode": 400704 },
  { "_id": "25244", "city": "Navi Mumbai", "pincode": 400705 },
  { "_id": "25245", "city": "Navi Mumbai", "pincode": 400706 },
  { "_id": "25246", "city": "Navi Mumbai", "pincode": 400707 },
  { "_id": "25247", "city": "Navi Mumbai", "pincode": 400708 },
  { "_id": "25248", "city": "Navi Mumbai", "pincode": 400709 },
  { "_id": "25249", "city": "Navi Mumbai", "pincode": 400710 },
  { "_id": "26250", "city": "Amritsar", "pincode": 143001 },
  { "_id": "26251", "city": "Amritsar", "pincode": 143002 },
  { "_id": "26252", "city": "Amritsar", "pincode": 143003 },
  { "_id": "26253", "city": "Amritsar", "pincode": 143004 },
  { "_id": "26254", "city": "Amritsar", "pincode": 143005 },
  { "_id": "26255", "city": "Amritsar", "pincode": 143006 },
  { "_id": "26256", "city": "Amritsar", "pincode": 143007 },
  { "_id": "26257", "city": "Amritsar", "pincode": 143008 },
  { "_id": "26258", "city": "Amritsar", "pincode": 143009 },
  { "_id": "26259", "city": "Amritsar", "pincode": 143010 },
  { "_id": "27260", "city": "Shimla", "pincode": 171001 },
  { "_id": "27261", "city": "Shimla", "pincode": 171002 },
  { "_id": "27262", "city": "Shimla", "pincode": 171003 },
  { "_id": "27263", "city": "Shimla", "pincode": 171004 },
  { "_id": "27264", "city": "Shimla", "pincode": 171005 },
  { "_id": "27265", "city": "Shimla", "pincode": 171006 },
  { "_id": "27266", "city": "Shimla", "pincode": 171007 },
  { "_id": "27267", "city": "Shimla", "pincode": 171008 },
  { "_id": "27268", "city": "Shimla", "pincode": 171009 },
  { "_id": "27269", "city": "Shimla", "pincode": 171010 },
  { "_id": "28270", "city": "Dehradun", "pincode": 248001 },
  { "_id": "28271", "city": "Dehradun", "pincode": 248002 },
  { "_id": "28272", "city": "Dehradun", "pincode": 248003 },
  { "_id": "28273", "city": "Dehradun", "pincode": 248004 },
  { "_id": "28274", "city": "Dehradun", "pincode": 248005 },
  { "_id": "28275", "city": "Dehradun", "pincode": 248006 },
  { "_id": "28276", "city": "Dehradun", "pincode": 248007 },
  { "_id": "28277", "city": "Dehradun", "pincode": 248008 },
  { "_id": "28278", "city": "Dehradun", "pincode": 248009 },
  { "_id": "28279", "city": "Dehradun", "pincode": 248010 },
  { "_id": "29280", "city": "Haridwar", "pincode": 249401 },
  { "_id": "29281", "city": "Haridwar", "pincode": 249402 },
  { "_id": "29282", "city": "Haridwar", "pincode": 249403 },
  { "_id": "29283", "city": "Haridwar", "pincode": 249404 },
  { "_id": "29284", "city": "Haridwar", "pincode": 249405 },
  { "_id": "29285", "city": "Haridwar", "pincode": 249406 },
  { "_id": "29286", "city": "Haridwar", "pincode": 249407 },
  { "_id": "29287", "city": "Haridwar", "pincode": 249408 },
  { "_id": "29288", "city": "Haridwar", "pincode": 249409 },
  { "_id": "29289", "city": "Haridwar", "pincode": 249410 },
  { "_id": "30290", "city": "Ranchi", "pincode": 834001 },
  { "_id": "30291", "city": "Ranchi", "pincode": 834002 },
  { "_id": "30292", "city": "Ranchi", "pincode": 834003 },
  { "_id": "30293", "city": "Ranchi", "pincode": 834004 },
  { "_id": "30294", "city": "Ranchi", "pincode": 834005 },
  { "_id": "30295", "city": "Ranchi", "pincode": 834006 },
  { "_id": "30296", "city": "Ranchi", "pincode": 834007 },
  { "_id": "30297", "city": "Ranchi", "pincode": 834008 },
  { "_id": "30298", "city": "Ranchi", "pincode": 834009 },
  { "_id": "30299", "city": "Ranchi", "pincode": 834010 },
  { "_id": "31300", "city": "Jamshedpur", "pincode": 831001 },
  { "_id": "31301", "city": "Jamshedpur", "pincode": 831002 },
  { "_id": "31302", "city": "Jamshedpur", "pincode": 831003 },
  { "_id": "31303", "city": "Jamshedpur", "pincode": 831004 },
  { "_id": "31304", "city": "Jamshedpur", "pincode": 831005 },
  { "_id": "31305", "city": "Jamshedpur", "pincode": 831006 },
  { "_id": "31306", "city": "Jamshedpur", "pincode": 831007 },
  { "_id": "31307", "city": "Jamshedpur", "pincode": 831008 },
  { "_id": "31308", "city": "Jamshedpur", "pincode": 831009 },
  { "_id": "31309", "city": "Jamshedpur", "pincode": 831010 },
  { "_id": "32310", "city": "Raipur", "pincode": 492001 },
  { "_id": "32311", "city": "Raipur", "pincode": 492002 },
  { "_id": "32312", "city": "Raipur", "pincode": 492003 },
  { "_id": "32313", "city": "Raipur", "pincode": 492004 },
  { "_id": "32314", "city": "Raipur", "pincode": 492005 },
  { "_id": "32315", "city": "Raipur", "pincode": 492006 },
  { "_id": "32316", "city": "Raipur", "pincode": 492007 },
  { "_id": "32317", "city": "Raipur", "pincode": 492008 },
  { "_id": "32318", "city": "Raipur", "pincode": 492009 },
  { "_id": "32319", "city": "Raipur", "pincode": 492010 },
  { "_id": "33320", "city": "Bilaspur", "pincode": 495001 },
  { "_id": "33321", "city": "Bilaspur", "pincode": 495002 },
  { "_id": "33322", "city": "Bilaspur", "pincode": 495003 },
  { "_id": "33323", "city": "Bilaspur", "pincode": 495004 },
  { "_id": "33324", "city": "Bilaspur", "pincode": 495005 },
  { "_id": "33325", "city": "Bilaspur", "pincode": 495006 },
  { "_id": "33326", "city": "Bilaspur", "pincode": 495007 },
  { "_id": "33327", "city": "Bilaspur", "pincode": 495008 },
  { "_id": "33328", "city": "Bilaspur", "pincode": 495009 },
  { "_id": "33329", "city": "Bilaspur", "pincode": 495010 },
  { "_id": "34330", "city": "Guwahati", "pincode": 781001 },
  { "_id": "34331", "city": "Guwahati", "pincode": 781002 },
  { "_id": "34332", "city": "Guwahati", "pincode": 781003 },
  { "_id": "34333", "city": "Guwahati", "pincode": 781004 },
  { "_id": "34334", "city": "Guwahati", "pincode": 781005 },
  { "_id": "34335", "city": "Guwahati", "pincode": 781006 },
  { "_id": "34336", "city": "Guwahati", "pincode": 781007 },
  { "_id": "34337", "city": "Guwahati", "pincode": 781008 },
  { "_id": "34338", "city": "Guwahati", "pincode": 781009 },
  { "_id": "34339", "city": "Guwahati", "pincode": 781010 },
  { "_id": "35340", "city": "Agra", "pincode": 282001 },
  { "_id": "35341", "city": "Agra", "pincode": 282002 },
  { "_id": "35342", "city": "Agra", "pincode": 282003 },
  { "_id": "35343", "city": "Agra", "pincode": 282004 },
  { "_id": "35344", "city": "Agra", "pincode": 282005 },
  { "_id": "35345", "city": "Agra", "pincode": 282006 },
  { "_id": "35346", "city": "Agra", "pincode": 282007 },
  { "_id": "35347", "city": "Agra", "pincode": 282008 },
  { "_id": "35348", "city": "Agra", "pincode": 282009 },
  { "_id": "35349", "city": "Agra", "pincode": 282010 },
  { "_id": "36350", "city": "Gwalior", "pincode": 474001 },
  { "_id": "36351", "city": "Gwalior", "pincode": 474002 },
  { "_id": "36352", "city": "Gwalior", "pincode": 474003 },
  { "_id": "36353", "city": "Gwalior", "pincode": 474004 },
  { "_id": "36354", "city": "Gwalior", "pincode": 474005 },
  { "_id": "36355", "city": "Gwalior", "pincode": 474006 },
  { "_id": "36356", "city": "Gwalior", "pincode": 474007 },
  { "_id": "36357", "city": "Gwalior", "pincode": 474008 },
  { "_id": "36358", "city": "Gwalior", "pincode": 474009 },
  { "_id": "36359", "city": "Gwalior", "pincode": 474010 }
]
